Window_index,Stage,MAE,MAPE,RMSE,Accuracy(2000),Accuracy(3000),Step4,Step6.1,Step6.2,Time,Adopted_hidden_node
1,Inferencing,5591.93,15.39,6203.82,7.69,26.92,188,4,1,96.76366686820984,4
2,Inferencing,3279.42,8.29,3515.91,19.23,34.62,25,0,1,86.28638434410095,6
